full_date,date_id,year,month,day,quarter,month_name,day_of_week
2008-02-25,1,2008,2,25,1,February,Monday
2008-03-02,2,2008,3,2,1,March,Sunday
2008-03-14,3,2008,3,14,1,March,Friday
2008-03-16,4,2008,3,16,1,March,Sunday
2008-03-19,5,2008,3,19,1,March,Wednesday
2008-04-30,6,2008,4,30,2,April,Wednesday
2008-05-08,7,2008,5,8,2,May,Thursday
2008-06-01,8,2008,6,1,2,June,Sunday
2008-06-04,9,2008,6,4,2,June,Wednesday
2008-06-08,10,2008,6,8,2,June,Sunday
2008-06-09,11,2008,6,9,2,June,Monday
2008-06-18,12,2008,6,18,2,June,Wednesday
2008-06-20,13,2008,6,20,2,June,Friday
2008-06-21,14,2008,6,21,2,June,Saturday
2008-06-25,15,2008,6,25,2,June,Wednesday
2008-07-09,16,2008,7,9,3,July,Wednesday
2008-07-12,17,2008,7,12,3,July,Saturday
2008-07-22,18,2008,7,22,3,July,Tuesday
2008-07-26,19,2008,7,26,3,July,Saturday
2008-07-29,20,2008,7,29,3,July,Tuesday
2008-07-30,21,2008,7,30,3,July,Wednesday
2008-08-10,22,2008,8,10,3,August,Sunday
2008-08-21,23,2008,8,21,3,August,Thursday
2008-08-30,24,2008,8,30,3,August,Saturday
2008-09-02,25,2008,9,2,3,September,Tuesday
2008-09-04,26,2008,9,4,3,September,Thursday
2008-09-08,27,2008,9,8,3,September,Monday
2008-09-13,28,2008,9,13,3,September,Saturday
2008-09-14,29,2008,9,14,3,September,Sunday
2008-09-26,30,2008,9,26,3,September,Friday
2008-09-29,31,2008,9,29,3,September,Monday
2008-10-08,32,2008,10,8,4,October,Wednesday
2008-10-22,33,2008,10,22,4,October,Wednesday
2008-11-03,34,2008,11,3,4,November,Monday
2008-11-05,35,2008,11,5,4,November,Wednesday
2008-12-01,36,2008,12,1,4,December,Monday
2009-03-05,37,2009,3,5,1,March,Thursday
2009-03-11,38,2009,3,11,1,March,Wednesday
2009-04-07,39,2009,4,7,2,April,Tuesday
2009-04-09,40,2009,4,9,2,April,Thursday
2009-04-15,41,2009,4,15,2,April,Wednesday
2009-05-23,42,2009,5,23,2,May,Saturday
2009-06-10,43,2009,6,10,2,June,Wednesday
2009-06-13,44,2009,6,13,2,June,Saturday
2009-06-17,45,2009,6,17,2,June,Wednesday
2009-06-18,46,2009,6,18,2,June,Thursday
2009-06-20,47,2009,6,20,2,June,Saturday
2009-06-21,48,2009,6,21,2,June,Sunday
2009-06-23,49,2009,6,23,2,June,Tuesday
2009-06-30,50,2009,6,30,2,June,Tuesday
2009-07-01,51,2009,7,1,3,July,Wednesday
2009-07-02,52,2009,7,2,3,July,Thursday
2009-07-10,53,2009,7,10,3,July,Friday
2009-07-11,54,2009,7,11,3,July,Saturday
2009-07-12,55,2009,7,12,3,July,Sunday
2009-07-17,56,2009,7,17,3,July,Friday
2009-07-18,57,2009,7,18,3,July,Saturday
2009-07-26,58,2009,7,26,3,July,Sunday
2009-08-01,59,2009,8,1,3,August,Saturday
2009-08-02,60,2009,8,2,3,August,Sunday
2009-08-06,61,2009,8,6,3,August,Thursday
2009-08-08,62,2009,8,8,3,August,Saturday
2009-08-18,63,2009,8,18,3,August,Tuesday
2009-08-20,64,2009,8,20,3,August,Thursday
2009-08-24,65,2009,8,24,3,August,Monday
2009-08-25,66,2009,8,25,3,August,Tuesday
2009-08-26,67,2009,8,26,3,August,Wednesday
2009-09-01,68,2009,9,1,3,September,Tuesday
2009-09-25,69,2009,9,25,3,September,Friday
2009-10-01,70,2009,10,1,4,October,Thursday
2009-10-05,71,2009,10,5,4,October,Monday
2009-11-09,72,2009,11,9,4,November,Monday
2009-11-10,73,2009,11,10,4,November,Tuesday
2009-11-22,74,2009,11,22,4,November,Sunday
2010-05-16,75,2010,5,16,2,May,Sunday
2010-05-18,76,2010,5,18,2,May,Tuesday
2010-05-29,77,2010,5,29,2,May,Saturday
2010-05-31,78,2010,5,31,2,May,Monday
2010-06-02,79,2010,6,2,2,June,Wednesday
2010-06-04,80,2010,6,4,2,June,Friday
2010-06-25,81,2010,6,25,2,June,Friday
2010-07-13,82,2010,7,13,3,July,Tuesday
2010-07-17,83,2010,7,17,3,July,Saturday
2010-07-20,84,2010,7,20,3,July,Tuesday
2010-08-21,85,2010,8,21,3,August,Saturday
2010-09-02,86,2010,9,2,3,September,Thursday
2010-09-03,87,2010,9,3,3,September,Friday
2010-09-07,88,2010,9,7,3,September,Tuesday
2010-11-18,89,2010,11,18,4,November,Thursday
2010-12-22,90,2010,12,22,4,December,Wednesday
2010-12-30,91,2010,12,30,4,December,Thursday
2011-02-27,92,2011,2,27,1,February,Sunday
2011-02-28,93,2011,2,28,1,February,Monday
2011-03-02,94,2011,3,2,1,March,Wednesday
2011-03-22,95,2011,3,22,1,March,Tuesday
2011-03-28,96,2011,3,28,1,March,Monday
2011-04-06,97,2011,4,6,2,April,Wednesday
2011-04-09,98,2011,4,9,2,April,Saturday
2011-04-11,99,2011,4,11,2,April,Monday
2011-04-12,100,2011,4,12,2,April,Tuesday
2011-04-13,101,2011,4,13,2,April,Wednesday
2011-04-14,102,2011,4,14,2,April,Thursday
2011-04-16,103,2011,4,16,2,April,Saturday
2011-04-20,104,2011,4,20,2,April,Wednesday
2011-04-23,105,2011,4,23,2,April,Saturday
2011-04-24,106,2011,4,24,2,April,Sunday
2011-04-25,107,2011,4,25,2,April,Monday
2011-04-28,108,2011,4,28,2,April,Thursday
2011-04-30,109,2011,4,30,2,April,Saturday
2011-05-02,110,2011,5,2,2,May,Monday
2011-05-05,111,2011,5,5,2,May,Thursday
2011-05-07,112,2011,5,7,2,May,Saturday
2011-05-08,113,2011,5,8,2,May,Sunday
2011-05-09,114,2011,5,9,2,May,Monday
2011-05-11,115,2011,5,11,2,May,Wednesday
2011-05-12,116,2011,5,12,2,May,Thursday
2011-05-21,117,2011,5,21,2,May,Saturday
2011-05-24,118,2011,5,24,2,May,Tuesday
2011-05-26,119,2011,5,26,2,May,Thursday
2011-05-29,120,2011,5,29,2,May,Sunday
2011-05-30,121,2011,5,30,2,May,Monday
2011-06-05,122,2011,6,5,2,June,Sunday
2011-06-14,123,2011,6,14,2,June,Tuesday
2011-06-15,124,2011,6,15,2,June,Wednesday
2011-06-20,125,2011,6,20,2,June,Monday
2011-06-21,126,2011,6,21,2,June,Tuesday
2011-06-24,127,2011,6,24,2,June,Friday
2011-06-26,128,2011,6,26,2,June,Sunday
2011-06-28,129,2011,6,28,2,June,Tuesday
2011-07-01,130,2011,7,1,3,July,Friday
2011-07-08,131,2011,7,8,3,July,Friday
2011-07-09,132,2011,7,9,3,July,Saturday
2011-07-13,133,2011,7,13,3,July,Wednesday
2011-07-20,134,2011,7,20,3,July,Wednesday
2011-08-10,135,2011,8,10,3,August,Wednesday
2011-08-14,136,2011,8,14,3,August,Sunday
2011-08-17,137,2011,8,17,3,August,Wednesday
2011-08-22,138,2011,8,22,3,August,Monday
2011-08-24,139,2011,8,24,3,August,Wednesday
2011-08-25,140,2011,8,25,3,August,Thursday
2011-08-27,141,2011,8,27,3,August,Saturday
2011-09-03,142,2011,9,3,3,September,Saturday
2011-09-04,143,2011,9,4,3,September,Sunday
2011-09-07,144,2011,9,7,3,September,Wednesday
2011-09-10,145,2011,9,10,3,September,Saturday
2011-09-16,146,2011,9,16,3,September,Friday
2011-09-21,147,2011,9,21,3,September,Wednesday
2011-09-29,148,2011,9,29,3,September,Thursday
2011-09-30,149,2011,9,30,3,September,Friday
2011-10-13,150,2011,10,13,4,October,Thursday
2011-10-22,151,2011,10,22,4,October,Saturday
2011-11-18,152,2011,11,18,4,November,Friday
2011-12-28,153,2011,12,28,4,December,Wednesday
2012-05-16,154,2012,5,16,2,May,Wednesday
2012-06-04,155,2012,6,4,2,June,Monday
2012-06-09,156,2012,6,9,2,June,Saturday
2012-06-23,157,2012,6,23,2,June,Saturday
2012-06-24,158,2012,6,24,2,June,Sunday
2012-06-25,159,2012,6,25,2,June,Monday
2012-06-26,160,2012,6,26,2,June,Tuesday
2012-06-27,161,2012,6,27,2,June,Wednesday
2012-06-29,162,2012,6,29,2,June,Friday
2012-07-02,163,2012,7,2,3,July,Monday
2012-07-03,164,2012,7,3,3,July,Tuesday
2012-07-07,165,2012,7,7,3,July,Saturday
2012-07-08,166,2012,7,8,3,July,Sunday
2012-07-09,167,2012,7,9,3,July,Monday
2012-07-11,168,2012,7,11,3,July,Wednesday
2012-07-16,169,2012,7,16,3,July,Monday
2012-07-19,170,2012,7,19,3,July,Thursday
2012-07-20,171,2012,7,20,3,July,Friday
2012-07-24,172,2012,7,24,3,July,Tuesday
2012-07-27,173,2012,7,27,3,July,Friday
2012-07-29,174,2012,7,29,3,July,Sunday
2012-07-30,175,2012,7,30,3,July,Monday
2012-07-31,176,2012,7,31,3,July,Tuesday
2012-08-01,177,2012,8,1,3,August,Wednesday
2012-08-02,178,2012,8,2,3,August,Thursday
2012-08-03,179,2012,8,3,3,August,Friday
2012-08-05,180,2012,8,5,3,August,Sunday
2012-08-06,181,2012,8,6,3,August,Monday
2012-08-08,182,2012,8,8,3,August,Wednesday
2012-08-09,183,2012,8,9,3,August,Thursday
2012-08-12,184,2012,8,12,3,August,Sunday
2012-08-13,185,2012,8,13,3,August,Monday
2012-08-16,186,2012,8,16,3,August,Thursday
2012-08-17,187,2012,8,17,3,August,Friday
2012-08-18,188,2012,8,18,3,August,Saturday
2012-08-19,189,2012,8,19,3,August,Sunday
2012-08-20,190,2012,8,20,3,August,Monday
2012-08-23,191,2012,8,23,3,August,Thursday
2012-08-24,192,2012,8,24,3,August,Friday
2012-08-27,193,2012,8,27,3,August,Monday
2012-08-28,194,2012,8,28,3,August,Tuesday
2012-08-29,195,2012,8,29,3,August,Wednesday
2012-09-01,196,2012,9,1,3,September,Saturday
2012-09-04,197,2012,9,4,3,September,Tuesday
2012-09-06,198,2012,9,6,3,September,Thursday
2012-09-08,199,2012,9,8,3,September,Saturday
2012-09-09,200,2012,9,9,3,September,Sunday
2012-09-15,201,2012,9,15,3,September,Saturday
2012-09-17,202,2012,9,17,3,September,Monday
2012-09-21,203,2012,9,21,3,September,Friday
2012-09-22,204,2012,9,22,3,September,Saturday
2012-10-18,205,2012,10,18,4,October,Thursday
2012-10-19,206,2012,10,19,4,October,Friday
2012-10-23,207,2012,10,23,4,October,Tuesday
2012-10-25,208,2012,10,25,4,October,Thursday
2012-10-29,209,2012,10,29,4,October,Monday
2012-10-30,210,2012,10,30,4,October,Tuesday
2012-11-05,211,2012,11,5,4,November,Monday
2012-11-06,212,2012,11,6,4,November,Tuesday
2012-11-15,213,2012,11,15,4,November,Thursday
2013-05-30,214,2013,5,30,2,May,Thursday
2013-05-31,215,2013,5,31,2,May,Friday
2013-06-02,216,2013,6,2,2,June,Sunday
2013-06-05,217,2013,6,5,2,June,Wednesday
2013-06-07,218,2013,6,7,2,June,Friday
2013-06-19,219,2013,6,19,2,June,Wednesday
2013-06-20,220,2013,6,20,2,June,Thursday
2013-06-21,221,2013,6,21,2,June,Friday
2013-06-22,222,2013,6,22,2,June,Saturday
2013-06-25,223,2013,6,25,2,June,Tuesday
2013-07-01,224,2013,7,1,3,July,Monday
2013-07-08,225,2013,7,8,3,July,Monday
2013-07-16,226,2013,7,16,3,July,Tuesday
2013-07-20,227,2013,7,20,3,July,Saturday
2013-07-26,228,2013,7,26,3,July,Friday
2013-07-27,229,2013,7,27,3,July,Saturday
2013-08-07,230,2013,8,7,3,August,Wednesday
2013-08-09,231,2013,8,9,3,August,Friday
2013-08-17,232,2013,8,17,3,August,Saturday
2013-08-18,233,2013,8,18,3,August,Sunday
2013-08-19,234,2013,8,19,3,August,Monday
2013-08-23,235,2013,8,23,3,August,Friday
2013-08-28,236,2013,8,28,3,August,Wednesday
2013-08-29,237,2013,8,29,3,August,Thursday
2013-08-31,238,2013,8,31,3,August,Saturday
2013-09-02,239,2013,9,2,3,September,Monday
2013-09-03,240,2013,9,3,3,September,Tuesday
2013-09-10,241,2013,9,10,3,September,Tuesday
2013-10-03,242,2013,10,3,4,October,Thursday
2013-10-18,243,2013,10,18,4,October,Friday
2013-10-23,244,2013,10,23,4,October,Wednesday
2013-10-24,245,2013,10,24,4,October,Thursday
2013-10-31,246,2013,10,31,4,October,Thursday
2013-11-02,247,2013,11,2,4,November,Saturday
2014-04-19,248,2014,4,19,2,April,Saturday
2014-05-19,249,2014,5,19,2,May,Monday
2014-06-26,250,2014,6,26,2,June,Thursday
2014-07-12,251,2014,7,12,3,July,Saturday
2014-07-14,252,2014,7,14,3,July,Monday
2014-08-02,253,2014,8,2,3,August,Saturday
2014-08-03,254,2014,8,3,3,August,Sunday
2014-08-14,255,2014,8,14,3,August,Thursday
2014-08-22,256,2014,8,22,3,August,Friday
2014-08-28,257,2014,8,28,3,August,Thursday
2014-09-11,258,2014,9,11,3,September,Thursday
2014-09-13,259,2014,9,13,3,September,Saturday
2014-09-25,260,2014,9,25,3,September,Thursday
2014-10-09,261,2014,10,9,4,October,Thursday
2014-12-04,262,2014,12,4,4,December,Thursday
2015-06-01,263,2015,6,1,2,June,Monday
2015-06-19,264,2015,6,19,2,June,Friday
2015-06-20,265,2015,6,20,2,June,Saturday
2015-06-21,266,2015,6,21,2,June,Sunday
2015-06-22,267,2015,6,22,2,June,Monday
2015-06-23,268,2015,6,23,2,June,Tuesday
2015-06-24,269,2015,6,24,2,June,Wednesday
2015-06-25,270,2015,6,25,2,June,Thursday
2015-06-29,271,2015,6,29,2,June,Monday
2015-07-01,272,2015,7,1,3,July,Wednesday
2015-07-02,273,2015,7,2,3,July,Thursday
2015-07-04,274,2015,7,4,3,July,Saturday
2015-07-06,275,2015,7,6,3,July,Monday
2015-07-07,276,2015,7,7,3,July,Tuesday
2015-07-11,277,2015,7,11,3,July,Saturday
2015-07-17,278,2015,7,17,3,July,Friday
2015-07-19,279,2015,7,19,3,July,Sunday
2015-07-25,280,2015,7,25,3,July,Saturday
2015-07-28,281,2015,7,28,3,July,Tuesday
2015-07-29,282,2015,7,29,3,July,Wednesday
2015-07-30,283,2015,7,30,3,July,Thursday
2015-07-31,284,2015,7,31,3,July,Friday
2015-08-02,285,2015,8,2,3,August,Sunday
2015-08-03,286,2015,8,3,3,August,Monday
2015-08-04,287,2015,8,4,3,August,Tuesday
2015-08-06,288,2015,8,6,3,August,Thursday
2015-08-08,289,2015,8,8,3,August,Saturday
2015-08-10,290,2015,8,10,3,August,Monday
2015-08-11,291,2015,8,11,3,August,Tuesday
2015-08-12,292,2015,8,12,3,August,Wednesday
2015-08-13,293,2015,8,13,3,August,Thursday
2015-08-14,294,2015,8,14,3,August,Friday
2015-08-15,295,2015,8,15,3,August,Saturday
2015-08-17,296,2015,8,17,3,August,Monday
2015-08-23,297,2015,8,23,3,August,Sunday
2015-08-31,298,2015,8,31,3,August,Monday
2015-09-08,299,2015,9,8,3,September,Tuesday
2015-09-09,300,2015,9,9,3,September,Wednesday
2015-09-12,301,2015,9,12,3,September,Saturday
2015-09-15,302,2015,9,15,3,September,Tuesday
2015-09-20,303,2015,9,20,3,September,Sunday
2015-09-25,304,2015,9,25,3,September,Friday
2015-09-27,305,2015,9,27,3,September,Sunday
2015-09-29,306,2015,9,29,3,September,Tuesday
2015-09-30,307,2015,9,30,3,September,Wednesday
2015-10-03,308,2015,10,3,4,October,Saturday
2015-10-05,309,2015,10,5,4,October,Monday
2015-10-12,310,2015,10,12,4,October,Monday
2015-10-17,311,2015,10,17,4,October,Saturday
2015-10-19,312,2015,10,19,4,October,Monday
2015-10-22,313,2015,10,22,4,October,Thursday
2015-10-27,314,2015,10,27,4,October,Tuesday
2015-10-29,315,2015,10,29,4,October,Thursday
2015-10-30,316,2015,10,30,4,October,Friday
2015-11-30,317,2015,11,30,4,November,Monday
2015-12-16,318,2015,12,16,4,December,Wednesday
2016-03-23,319,2016,3,23,1,March,Wednesday
2016-03-24,320,2016,3,24,1,March,Thursday
2016-04-04,321,2016,4,4,2,April,Monday
2016-05-05,322,2016,5,5,2,May,Thursday
2016-05-15,323,2016,5,15,2,May,Sunday
2016-05-21,324,2016,5,21,2,May,Saturday
2016-06-01,325,2016,6,1,2,June,Wednesday
2016-06-15,326,2016,6,15,2,June,Wednesday
2016-06-19,327,2016,6,19,2,June,Sunday
2016-06-23,328,2016,6,23,2,June,Thursday
2016-06-26,329,2016,6,26,2,June,Sunday
2016-06-28,330,2016,6,28,2,June,Tuesday
2016-07-02,331,2016,7,2,3,July,Saturday
2016-07-07,332,2016,7,7,3,July,Thursday
2016-07-10,333,2016,7,10,3,July,Sunday
2016-07-14,334,2016,7,14,3,July,Thursday
2016-07-18,335,2016,7,18,3,July,Monday
2016-07-22,336,2016,7,22,3,July,Friday
2016-07-24,337,2016,7,24,3,July,Sunday
2016-07-28,338,2016,7,28,3,July,Thursday
2016-07-29,339,2016,7,29,3,July,Friday
2016-07-30,340,2016,7,30,3,July,Saturday
2016-07-31,341,2016,7,31,3,July,Sunday
2016-08-06,342,2016,8,6,3,August,Saturday
2016-08-08,343,2016,8,8,3,August,Monday
2016-08-13,344,2016,8,13,3,August,Saturday
2016-08-21,345,2016,8,21,3,August,Sunday
2016-08-26,346,2016,8,26,3,August,Friday
2016-08-31,347,2016,8,31,3,August,Wednesday
2016-09-05,348,2016,9,5,3,September,Monday
2016-09-29,349,2016,9,29,3,September,Thursday
2016-10-16,350,2016,10,16,4,October,Sunday
2016-10-18,351,2016,10,18,4,October,Tuesday
2016-10-23,352,2016,10,23,4,October,Sunday
2016-10-27,353,2016,10,27,4,October,Thursday
2017-03-06,354,2017,3,6,1,March,Monday
2017-03-07,355,2017,3,7,1,March,Tuesday
2017-03-10,356,2017,3,10,1,March,Friday
2017-03-13,357,2017,3,13,1,March,Monday
2017-03-24,358,2017,3,24,1,March,Friday
2017-04-06,359,2017,4,6,2,April,Thursday
2017-06-17,360,2017,6,17,2,June,Saturday
2017-06-26,361,2017,6,26,2,June,Monday
2017-06-29,362,2017,6,29,2,June,Thursday
2017-07-03,363,2017,7,3,3,July,Monday
2017-07-04,364,2017,7,4,3,July,Tuesday
2017-07-09,365,2017,7,9,3,July,Sunday
2017-07-11,366,2017,7,11,3,July,Tuesday
2017-07-12,367,2017,7,12,3,July,Wednesday
2017-07-14,368,2017,7,14,3,July,Friday
2017-07-15,369,2017,7,15,3,July,Saturday
2017-07-16,370,2017,7,16,3,July,Sunday
2017-07-20,371,2017,7,20,3,July,Thursday
2017-07-21,372,2017,7,21,3,July,Friday
2017-07-23,373,2017,7,23,3,July,Sunday
2017-07-24,374,2017,7,24,3,July,Monday
2017-07-25,375,2017,7,25,3,July,Tuesday
2017-07-28,376,2017,7,28,3,July,Friday
2017-08-07,377,2017,8,7,3,August,Monday
2017-08-08,378,2017,8,8,3,August,Tuesday
2017-08-11,379,2017,8,11,3,August,Friday
2017-08-12,380,2017,8,12,3,August,Saturday
2017-08-13,381,2017,8,13,3,August,Sunday
2017-08-15,382,2017,8,15,3,August,Tuesday
2017-08-29,383,2017,8,29,3,August,Tuesday
2017-08-30,384,2017,8,30,3,August,Wednesday
2017-08-31,385,2017,8,31,3,August,Thursday
2017-09-04,386,2017,9,4,3,September,Monday
2017-09-21,387,2017,9,21,3,September,Thursday
2017-09-23,388,2017,9,23,3,September,Saturday
2017-10-04,389,2017,10,4,4,October,Wednesday
2017-10-05,390,2017,10,5,4,October,Thursday
2017-10-08,391,2017,10,8,4,October,Sunday
2017-10-09,392,2017,10,9,4,October,Monday
2017-10-10,393,2017,10,10,4,October,Tuesday
2017-10-12,394,2017,10,12,4,October,Thursday
2017-10-13,395,2017,10,13,4,October,Friday
2017-10-17,396,2017,10,17,4,October,Tuesday
2017-10-26,397,2017,10,26,4,October,Thursday
2017-12-04,398,2017,12,4,4,December,Monday
2017-12-31,399,2017,12,31,4,December,Sunday
2018-04-12,400,2018,4,12,2,April,Thursday
2018-04-26,401,2018,4,26,2,April,Thursday
2018-05-01,402,2018,5,1,2,May,Tuesday
2018-05-08,403,2018,5,8,2,May,Tuesday
2018-05-20,404,2018,5,20,2,May,Sunday
2018-05-29,405,2018,5,29,2,May,Tuesday
2018-06-04,406,2018,6,4,2,June,Monday
2018-06-21,407,2018,6,21,2,June,Thursday
2018-06-27,408,2018,6,27,2,June,Wednesday
2018-06-30,409,2018,6,30,2,June,Saturday
2018-07-01,410,2018,7,1,3,July,Sunday
2018-07-03,411,2018,7,3,3,July,Tuesday
2018-07-05,412,2018,7,5,3,July,Thursday
2018-07-13,413,2018,7,13,3,July,Friday
2018-07-14,414,2018,7,14,3,July,Saturday
2018-07-15,415,2018,7,15,3,July,Sunday
2018-07-17,416,2018,7,17,3,July,Tuesday
2018-07-19,417,2018,7,19,3,July,Thursday
2018-07-21,418,2018,7,21,3,July,Saturday
2018-07-23,419,2018,7,23,3,July,Monday
2018-07-26,420,2018,7,26,3,July,Thursday
2018-07-27,421,2018,7,27,3,July,Friday
2018-07-29,422,2018,7,29,3,July,Sunday
2018-08-02,423,2018,8,2,3,August,Thursday
2018-08-10,424,2018,8,10,3,August,Friday
2018-08-11,425,2018,8,11,3,August,Saturday
2018-08-15,426,2018,8,15,3,August,Wednesday
2018-08-17,427,2018,8,17,3,August,Friday
2018-08-23,428,2018,8,23,3,August,Thursday
2018-08-29,429,2018,8,29,3,August,Wednesday
2018-08-30,430,2018,8,30,3,August,Thursday
2018-09-05,431,2018,9,5,3,September,Wednesday
2018-09-06,432,2018,9,6,3,September,Thursday
2018-09-07,433,2018,9,7,3,September,Friday
2018-09-13,434,2018,9,13,3,September,Thursday
2018-09-18,435,2018,9,18,3,September,Tuesday
2018-10-07,436,2018,10,7,4,October,Sunday
2018-10-08,437,2018,10,8,4,October,Monday
2018-10-10,438,2018,10,10,4,October,Wednesday
2018-11-08,439,2018,11,8,4,November,Thursday
2018-11-25,440,2018,11,25,4,November,Sunday
2018-11-27,441,2018,11,27,4,November,Tuesday
2018-11-28,442,2018,11,28,4,November,Wednesday
2019-06-05,443,2019,6,5,2,June,Wednesday
2019-06-08,444,2019,6,8,2,June,Saturday
2019-06-10,445,2019,6,10,2,June,Monday
2019-06-18,446,2019,6,18,2,June,Tuesday
2019-06-20,447,2019,6,20,2,June,Thursday
2019-06-21,448,2019,6,21,2,June,Friday
2019-06-22,449,2019,6,22,2,June,Saturday
2019-06-23,450,2019,6,23,2,June,Sunday
2019-06-24,451,2019,6,24,2,June,Monday
2019-06-26,452,2019,6,26,2,June,Wednesday
2019-06-27,453,2019,6,27,2,June,Thursday
2019-06-29,454,2019,6,29,2,June,Saturday
2019-06-30,455,2019,6,30,2,June,Sunday
2019-07-04,456,2019,7,4,3,July,Thursday
2019-07-05,457,2019,7,5,3,July,Friday
2019-07-10,458,2019,7,10,3,July,Wednesday
2019-07-11,459,2019,7,11,3,July,Thursday
2019-07-18,460,2019,7,18,3,July,Thursday
2019-07-19,461,2019,7,19,3,July,Friday
2019-07-21,462,2019,7,21,3,July,Sunday
2019-07-25,463,2019,7,25,3,July,Thursday
2019-08-01,464,2019,8,1,3,August,Thursday
2019-08-02,465,2019,8,2,3,August,Friday
2019-08-06,466,2019,8,6,3,August,Tuesday
2019-08-07,467,2019,8,7,3,August,Wednesday
2019-08-08,468,2019,8,8,3,August,Thursday
2019-08-16,469,2019,8,16,3,August,Friday
2019-08-24,470,2019,8,24,3,August,Saturday
2019-09-25,471,2019,9,25,3,September,Wednesday
2019-10-02,472,2019,10,2,4,October,Wednesday
2019-10-23,473,2019,10,23,4,October,Wednesday
2019-11-07,474,2019,11,7,4,November,Thursday
2020-06-05,475,2020,6,5,2,June,Friday
2020-06-13,476,2020,6,13,2,June,Saturday
2020-07-03,477,2020,7,3,3,July,Friday
2020-07-22,478,2020,7,22,3,July,Wednesday
2020-07-24,479,2020,7,24,3,July,Friday
2020-07-28,480,2020,7,28,3,July,Tuesday
2020-07-31,481,2020,7,31,3,July,Friday
2020-08-13,482,2020,8,13,3,August,Thursday
2020-08-16,483,2020,8,16,3,August,Sunday
2020-08-17,484,2020,8,17,3,August,Monday
2020-08-18,485,2020,8,18,3,August,Tuesday
2020-08-19,486,2020,8,19,3,August,Wednesday
2020-08-21,487,2020,8,21,3,August,Friday
2020-08-24,488,2020,8,24,3,August,Monday
2020-08-29,489,2020,8,29,3,August,Saturday
2020-09-04,490,2020,9,4,3,September,Friday
2020-09-06,491,2020,9,6,3,September,Sunday
2020-09-07,492,2020,9,7,3,September,Monday
2020-09-08,493,2020,9,8,3,September,Tuesday
2020-09-09,494,2020,9,9,3,September,Wednesday
2020-09-10,495,2020,9,10,3,September,Thursday
2020-09-12,496,2020,9,12,3,September,Saturday
2020-09-13,497,2020,9,13,3,September,Sunday
2020-09-14,498,2020,9,14,3,September,Monday
2020-09-15,499,2020,9,15,3,September,Tuesday
2020-09-17,500,2020,9,17,3,September,Thursday
2020-09-19,501,2020,9,19,3,September,Saturday
2020-09-21,502,2020,9,21,3,September,Monday
2020-09-22,503,2020,9,22,3,September,Tuesday
2020-10-01,504,2020,10,1,4,October,Thursday
2020-10-10,505,2020,10,10,4,October,Saturday
2020-10-14,506,2020,10,14,4,October,Wednesday
2020-10-22,507,2020,10,22,4,October,Thursday
2020-10-27,508,2020,10,27,4,October,Tuesday
2020-10-28,509,2020,10,28,4,October,Wednesday
2020-11-11,510,2020,11,11,4,November,Wednesday
2020-11-12,511,2020,11,12,4,November,Thursday
2020-11-15,512,2020,11,15,4,November,Sunday
2020-11-16,513,2020,11,16,4,November,Monday
2020-11-19,514,2020,11,19,4,November,Thursday
2020-11-25,515,2020,11,25,4,November,Wednesday
2020-11-26,516,2020,11,26,4,November,Thursday
2020-11-27,517,2020,11,27,4,November,Friday
2020-12-02,518,2020,12,2,4,December,Wednesday
2020-12-04,519,2020,12,4,4,December,Friday
2020-12-10,520,2020,12,10,4,December,Thursday
2020-12-17,521,2020,12,17,4,December,Thursday
2020-12-24,522,2020,12,24,4,December,Thursday
2021-05-20,523,2021,5,20,2,May,Thursday
2021-06-01,524,2021,6,1,2,June,Tuesday
2021-06-04,525,2021,6,4,2,June,Friday
2021-06-16,526,2021,6,16,2,June,Wednesday
2021-06-20,527,2021,6,20,2,June,Sunday
2021-07-02,528,2021,7,2,3,July,Friday
2021-07-03,529,2021,7,3,3,July,Saturday
2021-07-06,530,2021,7,6,3,July,Tuesday
2021-07-08,531,2021,7,8,3,July,Thursday
2021-07-13,532,2021,7,13,3,July,Tuesday
2021-07-15,533,2021,7,15,3,July,Thursday
2021-07-16,534,2021,7,16,3,July,Friday
2021-07-30,535,2021,7,30,3,July,Friday
2021-07-31,536,2021,7,31,3,July,Saturday
2021-08-01,537,2021,8,1,3,August,Sunday
2021-08-03,538,2021,8,3,3,August,Tuesday
2021-08-04,539,2021,8,4,3,August,Wednesday
2021-08-08,540,2021,8,8,3,August,Sunday
2021-08-10,541,2021,8,10,3,August,Tuesday
2021-08-13,542,2021,8,13,3,August,Friday
2021-08-14,543,2021,8,14,3,August,Saturday
2021-08-18,544,2021,8,18,3,August,Wednesday
2021-08-20,545,2021,8,20,3,August,Friday
2021-09-07,546,2021,9,7,3,September,Tuesday
2021-09-09,547,2021,9,9,3,September,Thursday
2021-09-12,548,2021,9,12,3,September,Sunday
2021-09-15,549,2021,9,15,3,September,Wednesday
2021-09-21,550,2021,9,21,3,September,Tuesday
2021-09-26,551,2021,9,26,3,September,Sunday
2021-10-07,552,2021,10,7,4,October,Thursday
2021-10-14,553,2021,10,14,4,October,Thursday
2021-10-20,554,2021,10,20,4,October,Wednesday
2021-10-21,555,2021,10,21,4,October,Thursday
2021-10-23,556,2021,10,23,4,October,Saturday
2021-10-24,557,2021,10,24,4,October,Sunday
2021-10-25,558,2021,10,25,4,October,Monday
2021-10-27,559,2021,10,27,4,October,Wednesday
2021-10-29,560,2021,10,29,4,October,Friday
2021-11-10,561,2021,11,10,4,November,Wednesday
2021-12-15,562,2021,12,15,4,December,Wednesday
2021-12-23,563,2021,12,23,4,December,Thursday
2022-03-17,564,2022,3,17,1,March,Thursday
2022-03-30,565,2022,3,30,1,March,Wednesday
2022-04-04,566,2022,4,4,2,April,Monday
2022-04-06,567,2022,4,6,2,April,Wednesday
2022-04-07,568,2022,4,7,2,April,Thursday
2022-04-11,569,2022,4,11,2,April,Monday
2022-04-17,570,2022,4,17,2,April,Sunday
2022-04-19,571,2022,4,19,2,April,Tuesday
2022-04-22,572,2022,4,22,2,April,Friday
2022-05-13,573,2022,5,13,2,May,Friday
2022-05-31,574,2022,5,31,2,May,Tuesday
2022-06-02,575,2022,6,2,2,June,Thursday
2022-06-05,576,2022,6,5,2,June,Sunday
2022-06-06,577,2022,6,6,2,June,Monday
2022-06-08,578,2022,6,8,2,June,Wednesday
2022-06-09,579,2022,6,9,2,June,Thursday
2022-06-10,580,2022,6,10,2,June,Friday
2022-06-11,581,2022,6,11,2,June,Saturday
2022-06-12,582,2022,6,12,2,June,Sunday
2022-06-13,583,2022,6,13,2,June,Monday
2022-06-14,584,2022,6,14,2,June,Tuesday
2022-06-15,585,2022,6,15,2,June,Wednesday
2022-06-17,586,2022,6,17,2,June,Friday
2022-06-19,587,2022,6,19,2,June,Sunday
2022-06-21,588,2022,6,21,2,June,Tuesday
2022-06-23,589,2022,6,23,2,June,Thursday
2022-06-25,590,2022,6,25,2,June,Saturday
2022-06-27,591,2022,6,27,2,June,Monday
2022-06-28,592,2022,6,28,2,June,Tuesday
2022-06-30,593,2022,6,30,2,June,Thursday
2022-07-01,594,2022,7,1,3,July,Friday
2022-07-03,595,2022,7,3,3,July,Sunday
2022-07-06,596,2022,7,6,3,July,Wednesday
2022-07-07,597,2022,7,7,3,July,Thursday
2022-07-11,598,2022,7,11,3,July,Monday
2022-07-17,599,2022,7,17,3,July,Sunday
2022-07-21,600,2022,7,21,3,July,Thursday
2022-07-22,601,2022,7,22,3,July,Friday
2022-07-26,602,2022,7,26,3,July,Tuesday
2022-07-27,603,2022,7,27,3,July,Wednesday
2022-07-29,604,2022,7,29,3,July,Friday
2022-08-04,605,2022,8,4,3,August,Thursday
2022-08-06,606,2022,8,6,3,August,Saturday
2022-08-11,607,2022,8,11,3,August,Thursday
2022-08-30,608,2022,8,30,3,August,Tuesday
2022-09-06,609,2022,9,6,3,September,Tuesday
2022-09-07,610,2022,9,7,3,September,Wednesday
2022-09-08,611,2022,9,8,3,September,Thursday
2022-10-20,612,2022,10,20,4,October,Thursday
2022-10-21,613,2022,10,21,4,October,Friday
2022-10-23,614,2022,10,23,4,October,Sunday
2022-11-07,615,2022,11,7,4,November,Monday
2022-11-10,616,2022,11,10,4,November,Thursday
2022-11-24,617,2022,11,24,4,November,Thursday
2023-04-18,618,2023,4,18,2,April,Tuesday
2023-05-21,619,2023,5,21,2,May,Sunday
2023-07-21,620,2023,7,21,3,July,Friday
2023-07-25,621,2023,7,25,3,July,Tuesday
2023-07-27,622,2023,7,27,3,July,Thursday
2023-07-28,623,2023,7,28,3,July,Friday
2023-07-29,624,2023,7,29,3,July,Saturday
2023-07-30,625,2023,7,30,3,July,Sunday
2023-08-16,626,2023,8,16,3,August,Wednesday
2023-08-17,627,2023,8,17,3,August,Thursday
2023-08-19,628,2023,8,19,3,August,Saturday
2023-08-23,629,2023,8,23,3,August,Wednesday
2023-08-24,630,2023,8,24,3,August,Thursday
2023-08-31,631,2023,8,31,3,August,Thursday
2023-10-24,632,2023,10,24,4,October,Tuesday
2023-11-15,633,2023,11,15,4,November,Wednesday
2024-02-26,634,2024,2,26,1,February,Monday
2024-02-27,635,2024,2,27,1,February,Tuesday
2024-03-11,636,2024,3,11,1,March,Monday
2024-03-15,637,2024,3,15,1,March,Friday
2024-03-17,638,2024,3,17,1,March,Sunday
2024-06-08,639,2024,6,8,2,June,Saturday
2024-06-19,640,2024,6,19,2,June,Wednesday
2024-06-28,641,2024,6,28,2,June,Friday
2024-07-09,642,2024,7,9,3,July,Tuesday
2024-07-10,643,2024,7,10,3,July,Wednesday
2024-07-11,644,2024,7,11,3,July,Thursday
2024-07-13,645,2024,7,13,3,July,Saturday
2024-07-17,646,2024,7,17,3,July,Wednesday
2024-07-18,647,2024,7,18,3,July,Thursday
2024-07-20,648,2024,7,20,3,July,Saturday
2024-07-22,649,2024,7,22,3,July,Monday
2024-07-23,650,2024,7,23,3,July,Tuesday
2024-07-24,651,2024,7,24,3,July,Wednesday
2024-07-25,652,2024,7,25,3,July,Thursday
2024-07-30,653,2024,7,30,3,July,Tuesday
2024-08-01,654,2024,8,1,3,August,Thursday
2024-08-05,655,2024,8,5,3,August,Monday
2024-08-06,656,2024,8,6,3,August,Tuesday
2024-08-08,657,2024,8,8,3,August,Thursday
2024-08-09,658,2024,8,9,3,August,Friday
2024-08-14,659,2024,8,14,3,August,Wednesday
2024-08-17,660,2024,8,17,3,August,Saturday
2024-08-21,661,2024,8,21,3,August,Wednesday
2024-08-22,662,2024,8,22,3,August,Thursday
2024-08-23,663,2024,8,23,3,August,Friday
2024-08-31,664,2024,8,31,3,August,Saturday
2024-09-02,665,2024,9,2,3,September,Monday
2024-09-03,666,2024,9,3,3,September,Tuesday
2024-09-04,667,2024,9,4,3,September,Wednesday
2024-09-08,668,2024,9,8,3,September,Sunday
2024-09-12,669,2024,9,12,3,September,Thursday
2024-09-14,670,2024,9,14,3,September,Saturday
2024-09-18,671,2024,9,18,3,September,Wednesday
2024-09-19,672,2024,9,19,3,September,Thursday
2024-09-25,673,2024,9,25,3,September,Wednesday
2024-09-27,674,2024,9,27,3,September,Friday
2024-10-01,675,2024,10,1,4,October,Tuesday
2024-10-24,676,2024,10,24,4,October,Thursday
2024-10-28,677,2024,10,28,4,October,Monday
2024-10-31,678,2024,10,31,4,October,Thursday
2024-11-02,679,2024,11,2,4,November,Saturday
2024-11-03,680,2024,11,3,4,November,Sunday
2024-11-14,681,2024,11,14,4,November,Thursday
2024-12-24,682,2024,12,24,4,December,Tuesday
2024-12-29,683,2024,12,29,4,December,Sunday
